<?xml version="1.0" encoding="UTF-8" standalone="yes"?>
<ns2:ExportManifest xmlns:ns2="http://www.pentaho.com/schema/">
    <ExportManifestInformation exportDate="12-06-2014 01:00:43 CEST" exportBy="admin" rootFolder="/home/admin/"/>
    <ExportManifestEntity path="DemografiaxCSevilla.saiku">
        <ExportManifestProperty>
            <EntityMetaData name="DemografiaxCSevilla.saiku" createdDate="2014-06-12T00:23:25.894+02:00" isFolder="false" path="DemografiaxCSevilla.saiku" isHidden="false" locale="es_ES" title="DemografiaxCSevilla.saiku"/>
        </ExportManifestProperty>
        <ExportManifestProperty>
            <EntityAcl>
                <entriesInheriting>true</entriesInheriting>
                <owner>admin</owner>
                <ownerType>USER</ownerType>
            </EntityAcl>
        </ExportManifestProperty>
    </ExportManifestEntity>
</ns2:ExportManifest>
