<?xml version="1.0" encoding="UTF-8" standalone="yes"?>
<ns2:ExportManifest xmlns:ns2="http://www.pentaho.com/schema/">
    <ExportManifestInformation exportDate="11-06-2014 06:24:32 CEST" exportBy="admin" rootFolder="/home/admin/"/>
    <ExportManifestEntity path="SectoresxCiudad.xwaqr">
        <ExportManifestProperty>
            <EntityMetaData name="SectoresxCiudad.xwaqr" createdDate="2014-06-04T14:09:01.480+02:00" isFolder="false" path="SectoresxCiudad.xwaqr" isHidden="false" locale="es_ES" description="SectoresxCiudad" title="SectoresxCiudad.xwaqr"/>
        </ExportManifestProperty>
        <ExportManifestProperty>
            <EntityAcl>
                <entriesInheriting>true</entriesInheriting>
                <owner>admin</owner>
                <ownerType>USER</ownerType>
            </EntityAcl>
        </ExportManifestProperty>
    </ExportManifestEntity>
</ns2:ExportManifest>
