<?xml version="1.0" encoding="UTF-8" standalone="yes"?>
<ns2:ExportManifest xmlns:ns2="http://www.pentaho.com/schema/">
    <ExportManifestInformation exportDate="12-06-2014 01:00:47 CEST" exportBy="admin" rootFolder="/home/admin/"/>
    <ExportManifestEntity path="PMedio_SectoresxProvincias_Andalucia.saiku">
        <ExportManifestProperty>
            <EntityMetaData name="PMedio_SectoresxProvincias_Andalucia.saiku" createdDate="2014-06-10T23:13:12.646+02:00" isFolder="false" path="PMedio_SectoresxProvincias_Andalucia.saiku" isHidden="false" locale="es_ES" title="PMedio_SectoresxProvincias_Andalucia.saiku"/>
        </ExportManifestProperty>
        <ExportManifestProperty>
            <EntityAcl>
                <entriesInheriting>true</entriesInheriting>
                <owner>admin</owner>
                <ownerType>USER</ownerType>
            </EntityAcl>
        </ExportManifestProperty>
    </ExportManifestEntity>
</ns2:ExportManifest>
