<?xml version="1.0" encoding="UTF-8" standalone="yes"?>
<ns2:ExportManifest xmlns:ns2="http://www.pentaho.com/schema/">
    <ExportManifestInformation exportDate="11-06-2014 02:09:37 CEST" exportBy="admin" rootFolder="/home/admin/"/>
    <ExportManifestEntity path="ParoDashboard.cdfde">
        <ExportManifestProperty>
            <EntityMetaData name="ParoDashboard.cdfde" createdDate="2014-05-28T18:36:45.925+02:00" isFolder="false" path="ParoDashboard.cdfde" isHidden="false" locale="es_ES" title="ParoDashboard.cdfde"/>
        </ExportManifestProperty>
        <ExportManifestProperty>
            <EntityAcl>
                <entriesInheriting>true</entriesInheriting>
                <owner>admin</owner>
                <ownerType>USER</ownerType>
            </EntityAcl>
        </ExportManifestProperty>
    </ExportManifestEntity>
</ns2:ExportManifest>
