<?xml version="1.0" encoding="UTF-8" standalone="yes"?>
<ns2:ExportManifest xmlns:ns2="http://www.pentaho.com/schema/">
    <ExportManifestInformation exportDate="12-06-2014 01:00:56 CEST" exportBy="admin" rootFolder="/home/admin/"/>
    <ExportManifestEntity path="ParoDashboard.wcdf">
        <ExportManifestProperty>
            <EntityMetaData name="ParoDashboard.wcdf" createdDate="2014-05-28T18:36:45.853+02:00" isFolder="false" path="ParoDashboard.wcdf" isHidden="false" locale="es_ES" description="ParoDashboard" title="ParoDashboard"/>
        </ExportManifestProperty>
        <ExportManifestProperty>
            <EntityAcl>
                <entriesInheriting>true</entriesInheriting>
                <owner>admin</owner>
                <ownerType>USER</ownerType>
            </EntityAcl>
        </ExportManifestProperty>
    </ExportManifestEntity>
</ns2:ExportManifest>
