<?xml version="1.0" encoding="UTF-8" standalone="yes"?>
<ns2:ExportManifest xmlns:ns2="http://www.pentaho.com/schema/">
    <ExportManifestInformation exportDate="11-06-2014 02:09:27 CEST" exportBy="admin" rootFolder="/home/admin/"/>
    <ExportManifestEntity path="ParoDashboard_tmp.cda">
        <ExportManifestProperty>
            <EntityMetaData name="ParoDashboard_tmp.cda" createdDate="2014-06-11T01:54:51.429+02:00" isFolder="false" path="ParoDashboard_tmp.cda" isHidden="false" locale="es_ES" title="ParoDashboard_tmp.cda"/>
        </ExportManifestProperty>
        <ExportManifestProperty>
            <EntityAcl>
                <entriesInheriting>true</entriesInheriting>
                <owner>admin</owner>
                <ownerType>USER</ownerType>
            </EntityAcl>
        </ExportManifestProperty>
    </ExportManifestEntity>
</ns2:ExportManifest>
