<?xml version="1.0" encoding="UTF-8" standalone="yes"?>
<ns2:ExportManifest xmlns:ns2="http://www.pentaho.com/schema/">
    <ExportManifestInformation exportDate="11-06-2014 06:24:04 CEST" exportBy="admin" rootFolder="/home/admin/"/>
    <ExportManifestEntity path="DemografiaxCiudad.xwaqr">
        <ExportManifestProperty>
            <EntityMetaData name="DemografiaxCiudad.xwaqr" createdDate="2014-06-04T14:14:03.194+02:00" isFolder="false" path="DemografiaxCiudad.xwaqr" isHidden="false" locale="es_ES" description="DemografiaxCiudad" title="DemografiaxCiudad.xwaqr"/>
        </ExportManifestProperty>
        <ExportManifestProperty>
            <EntityAcl>
                <entriesInheriting>true</entriesInheriting>
                <owner>admin</owner>
                <ownerType>USER</ownerType>
            </EntityAcl>
        </ExportManifestProperty>
    </ExportManifestEntity>
</ns2:ExportManifest>
