<?xml version="1.0" encoding="UTF-8" standalone="yes"?>
<ns2:ExportManifest xmlns:ns2="http://www.pentaho.com/schema/">
    <ExportManifestInformation exportDate="11-06-2014 06:24:23 CEST" exportBy="admin" rootFolder="/home/admin/"/>
    <ExportManifestEntity path="ParoHuelvaV13.xwaqr">
        <ExportManifestProperty>
            <EntityMetaData name="ParoHuelvaV13.xwaqr" createdDate="2014-06-10T14:18:36.150+02:00" isFolder="false" path="ParoHuelvaV13.xwaqr" isHidden="false" locale="es_ES" description="ParoHuelvaV13" title="ParoHuelvaV13.xwaqr"/>
        </ExportManifestProperty>
        <ExportManifestProperty>
            <EntityAcl>
                <entriesInheriting>true</entriesInheriting>
                <owner>admin</owner>
                <ownerType>USER</ownerType>
            </EntityAcl>
        </ExportManifestProperty>
    </ExportManifestEntity>
</ns2:ExportManifest>
