<?xml version="1.0" encoding="UTF-8" standalone="yes"?>
<ns2:ExportManifest xmlns:ns2="http://www.pentaho.com/schema/">
    <ExportManifestInformation exportDate="11-06-2014 06:24:16 CEST" exportBy="admin" rootFolder="/home/admin/"/>
    <ExportManifestEntity path="Lugo3Cuatri2013.xwaqr">
        <ExportManifestProperty>
            <EntityMetaData name="Lugo3Cuatri2013.xwaqr" createdDate="2014-06-11T02:37:21.981+02:00" isFolder="false" path="Lugo3Cuatri2013.xwaqr" isHidden="false" locale="es_ES" description="Lugo3Cuatri2013" title="Lugo3Cuatri2013.xwaqr"/>
        </ExportManifestProperty>
        <ExportManifestProperty>
            <EntityAcl>
                <entriesInheriting>true</entriesInheriting>
                <owner>admin</owner>
                <ownerType>USER</ownerType>
            </EntityAcl>
        </ExportManifestProperty>
    </ExportManifestEntity>
</ns2:ExportManifest>
