<?xml version="1.0" encoding="UTF-8" standalone="yes"?>
<ns2:ExportManifest xmlns:ns2="http://www.pentaho.com/schema/">
    <ExportManifestInformation exportDate="11-06-2014 06:22:55 CEST" exportBy="admin" rootFolder="/home/admin/"/>
    <ExportManifestEntity path="DemografiaxCiudad_Sevilla.saiku">
        <ExportManifestProperty>
            <EntityMetaData name="DemografiaxCiudad_Sevilla.saiku" createdDate="2014-06-10T23:17:16.955+02:00" isFolder="false" path="DemografiaxCiudad_Sevilla.saiku" isHidden="false" locale="es_ES" title="DemografiaxCiudad_Sevilla.saiku"/>
        </ExportManifestProperty>
        <ExportManifestProperty>
            <EntityAcl>
                <entriesInheriting>true</entriesInheriting>
                <owner>admin</owner>
                <ownerType>USER</ownerType>
            </EntityAcl>
        </ExportManifestProperty>
    </ExportManifestEntity>
</ns2:ExportManifest>
