<?xml version="1.0" encoding="UTF-8" standalone="yes"?>
<ns2:ExportManifest xmlns:ns2="http://www.pentaho.com/schema/">
    <ExportManifestInformation exportDate="12-06-2014 01:00:51 CEST" exportBy="admin" rootFolder="/home/admin/"/>
    <ExportManifestEntity path="SectoresxProvincia.saiku">
        <ExportManifestProperty>
            <EntityMetaData name="SectoresxProvincia.saiku" createdDate="2014-06-04T13:56:36.423+02:00" isFolder="false" path="SectoresxProvincia.saiku" isHidden="false" locale="es_ES" title="SectoresxProvincia.saiku"/>
        </ExportManifestProperty>
        <ExportManifestProperty>
            <EntityAcl>
                <entriesInheriting>true</entriesInheriting>
                <owner>admin</owner>
                <ownerType>USER</ownerType>
            </EntityAcl>
        </ExportManifestProperty>
    </ExportManifestEntity>
</ns2:ExportManifest>
